x,y
2.7477692307692307,211.8156923076923
3.1752000000000002,232.14239999999998
2.156,295.4046666666667
1.5876000000000001,1066.6908
5.524981132075472,1247.564037735849
10.22522033898305,290.3424406779661
9.114,133.24733333333333
11.79675,465.310125
15.463148936170212,306.22289361702127
15.037377049180328,366.0733770491803
13.838275862068967,218.88806896551725
17.94173684210526,76.36263157894737
20.3364,1496.7666
19.782,169.21800000000002
25.899670588235292,121.03115294117647
24.052,262.36
26.952279069767442,1120.263069767442
30.340799999999998,35.35056
30.9015,231.90300000000002
29.497999999999998,338.786
30.09825,355.868625
29.6352,1176.6468
55.8012,50.8326
62.95655172413793,148.78427586206897
66.46752,91.67508
68.96670967741935,369.31141935483873
65.06754545454545,1420.902
72.21955263157895,46.43265789473684
70.5324375,56.944125
69.78825,142.77375
69.11218867924528,422.37815094339624
71.84290909090909,130.42909090909092
73.77181132075472,1303.2465283018869
81.3106,91.8064
84.77000000000001,109.27
88.5098918918919,136.93248648648648
89.41483018867925,503.9881132075472
90.87400000000001,1497.118
95.90901923076923,149.98240384615386
95.445,54.306
97.08211267605634,173.61735211267606
104.12788235294119,1110.5158235294116
103.60905882352941,12.866823529411764
107.22785294117648,177.17823529411766
106.281,426.00600000000003
110.17944,1118.77584
110.83082926829267,1138.7372926829269
109.40634782608696,341.2573043478261
112.602,275.93533333333335
113.80284507042253,297.33338028169015
113.14526086956523,1300.9691739130435
116.68284782608696,244.24689130434783
117.096,1095.99
117.48239999999998,447.95016
123.6187415730337,77.39797752808988
120.57458823529413,402.5032941176471
124.488,521.9865
130.7859,96.3438
130.9842295081967,323.50603278688527
137.088,268.82099999999997
139.65,280.00559999999996
140.72911363636365,1013.7086590909091
140.112,44.855999999999995
146.14633734939758,96.83934939759037
144.49460869565218,325.89260869565214
145.83117073170732,236.65565853658538
148.79072727272725,108.69981818181819
152.6626956521739,59.47747826086957
154.5235081967213,706.1205245901639
156.48536842105264,1088.3415789473686
158.51304,124.18560000000001
157.7489268292683,182.14375609756098
167.58,107.898
169.932,370.979
169.43684210526317,409.85147368421053
172.11970588235295,288.25835294117644
174.5772,338.0412
176.06925,75.66825
181.82675,276.85
182.553,48.636
185.82696774193548,299.586
184.7450769230769,578.9176615384615
186.102,66.17594117647059
185.72781818181818,312.84272727272725
187.866,105.75981818181818
189.7491891891892,200.0232972972973
190.47365217391305,512.5953913043478
189.6818823529412,688.2712941176471
202.125,521.4825
201.48408,461.21543999999994
200.52529411764706,566.6071764705882
205.296525,183.092175
207.8940566037736,376.614
208.75336363636364,826.875
209.8414647887324,1312.9129014084506
206.99861538461536,396.08584615384615
208.593,1227.6705000000002
210.16526086956523,155.13613043478261
212.3158604651163,416.2219534883721
213.26760000000002,262.5126
213.70341176470586,1442.6925882352941
216.89849999999998,1123.374
218.687,707.0699999999999
220.9536,246.4812
223.02136956521738,1085.291413043478
221.4331304347826,1471.508347826087
222.34136842105264,1052.2414736842104
223.95836842105265,98.20373684210526
223.3665,775.719
222.803,1361.5140000000001
222.705,1378.8867272727273
223.489,468.979
228.23219999999998,714.2142
226.4976,1094.2974000000002
227.23847999999998,1043.19432
228.522,762.72
232.26,678.6856363636364
232.82795454545456,1206.4256590909092
234.71699999999998,594.93
235.81472727272728,377.47595454545456
238.3164,729.5904
237.66507692307692,609.8012307692308
241.52687999999998,774.9957599999999
247.11564705882353,329.91988235294116
248.262,405.678
245.9423076923077,464.74615384615385
246.30666666666664,640.6260000000001
248.30304545454544,756.9765
250.37775,23.583477272727272
249.06123529411764,730.2700588235294
249.165,790.4484
250.21129411764707,1070.5577647058824
252.91887804878047,61.00858536585366
251.892,395.892
252.756,584.157
254.64600000000002,74.025
255.2092941176471,87.42176470588235
259.0924,117.2472
256.86553846153845,238.07215384615384
258.1946557377049,513.1071147540983
259.9754594594595,897.3754054054053
261.45,620.928
264.0872093023256,632.5170697674419
261.9036,1205.4672
268.254,485.64
267.9923076923077,1077.216
269.28138461538464,453.5515384615385
270.431,362.306
271.44039999999995,909.342
273.21646153846154,258.0867692307693
278.80698461538464,272.6736923076923
277.5066,1073.1294
279.0327272727273,578.7122727272728
280.5705,631.4805
282.681,116.66454545454546
281.0450322580645,554.9487096774194
281.0052,740.3067
285.7980681818182,1092.2768181818183
285.55136842105264,281.46631578947364
287.2443913043478,203.4543913043478
287.7606666666666,438.02733333333333
290.178,818.6332
291.5892,1159.1734
295.75739325842693,1107.7721797752808
293.8824,688.0356
295.13399999999996,1173.7949999999998
296.68275,763.7017500000001
298.27636363636367,173.69386363636363
296.64599999999996,1012.438
303.1417358490566,309.8815471698113
305.37553846153844,293.4006923076923
323.8675081967213,348.4333770491803
323.16479999999996,419.51448
326.6928,257.96736000000004
327.53409230769233,1139.8018153846153
327.6336,364.5012
329.70924,250.27632
330.17670000000004,952.8245999999999
333.3111923076923,789.1355769230769
335.49075,231.469875
333.4761818181818,394.7751818181818
332.7345,882.99225
333.7236,1194.0264
337.86229787234043,1461.0799148936171
338.634,246.798
342.0292235294118,278.9817882352941
339.184125,812.6251875
339.129,101.1213
339.8278153846154,122.31304615384616
343.23726315789474,518.3142631578947
343.41872727272727,208.61705454545455
347.2447164179104,295.8649253731343
346.02624,551.8674000000001
346.8665454545454,764.6138181818181
348.84230769230766,807.0978461538461
347.9805,1240.2495
351.22168421052635,974.3314736842106
350.33774999999997,1105.25625
354.87529411764706,1273.2707647058824
359.92384615384617,728.6676923076924
361.93752,451.72511999999995
371.4228,1090.9584000000002
373.1186666666666,265.74333333333334
374.25149999999996,322.8435
375.5799310344828,375.51910344827587
377.45189999999997,800.8119
379.91637209302326,887.4150697674419
380.01987692307694,569.0256923076923
378.4284,19.7568
381.12576923076927,293.4855
383.04859090909093,1048.3973181818183
383.74056,933.8968799999999
387.89625,807.50775
390.87939130434785,7.305260869565218
388.8602307692307,87.14838461538461
388.93158620689655,207.84786206896553
388.76839024390245,230.50317073170729
389.86451162790695,491.68423255813957
391.5765,587.349
394.7832,1081.1556
395.0841176470588,1171.0884705882354
398.0253103448276,738.9639310344827
403.3334117647059,122.82282352941176
402.57,10.962
411.5572363636364,544.7713090909091
416.99356363636366,735.8606181818182
418.3747826086956,39.344869565217394
420.192,507.978
419.51700000000005,809.865
420.8904,132.1677
422.5581818181818,294.78845454545456
422.94840000000005,347.4198
421.46999999999997,325.77299999999997
424.03725000000003,194.33925000000002
426.3091875,582.616125
430.2803076923077,430.9757307692307
431.4676153846154,1009.1436923076924
434.0206956521739,298.5761739130435
440.3912957746479,636.8164225352114
437.2368,823.347
438.4586440677966,1002.0865423728812
438.7656,772.2203999999999
439.5349830508475,1367.4438305084748
440.524,268.772
441.03041379310343,311.17872413793106
442.78752,1383.42288
444.3191052631579,1317.7776315789474
447.10384090909093,1163.9192727272728
447.07320000000004,472.878
443.86650000000003,627.43275
446.45236363636366,821.9839090909092
450.4395,899.8605
448.5691636363636,937.4056363636363
447.174,1138.9266
447.4751707317073,1261.8623414634146
452.226813559322,1020.4441016949153
455.31952941176473,343.1498823529412
461.407275,535.9032
461.01872727272735,278.12399999999997
460.7152941176471,297.70094117647056
461.90340000000003,1024.8693
461.05080000000004,1439.7768
465.83075,854.707
465.402,991.4856000000001
467.4787659574468,1378.1156170212764
467.57025,378.433125
469.54334482758617,308.1981724137931
471.51920454545456,1321.5366818181817
472.409,196.8085
473.9894328358209,844.4557611940298
474.97078125,427.75621875
473.38199999999995,287.4375
475.21494339622643,356.47777358490566
476.9415,956.5731
479.619,1234.506
482.5468421052631,46.746
483.29465625,944.41528125
482.288625,320.551875
485.72258823529415,517.1114117647058
485.0071578947369,340.63768421052634
490.4746875,478.41609375
489.7844,1346.2064
492.1284375,300.21075
492.156,920.367
493.0053333333333,1455.9206666666666
493.479,434.14
497.704064516129,182.94387096774193
498.42124137931035,815.1200689655172
501.41700000000003,395.3565
500.34600000000006,335.601
506.94357446808516,920.507744680851
510.1401951219512,810.4934634146341
511.34832,582.26112
513.8595,801.99
515.6068235294118,927.7861764705883
518.545125,30.421125000000004
519.486081081081,1014.884027027027
517.3471578947368,1173.121894736842
522.3614794520548,480.2550410958904
521.5100625,397.03781250000003
521.752,1261.4805000000001
524.9961818181819,917.154
526.4104186046512,202.49079069767444
526.8877297297297,174.0638918918919
528.593625,1315.888875
533.2224545454545,529.3737272727274
533.7175609756098,751.5500487804878
536.3361818181819,542.3097272727273
540.3051818181818,366.4041818181818
538.8323684210526,409.9675263157895
539.0927027027027,706.8157297297297
542.0536800000001,491.79144
541.0187999999999,1426.3704
541.5186,891.6432
543.1160000000001,29.596
544.028625,1350.176625
550.25775,270.1400625
551.5048,692.1152
551.439,1460.6550000000002
552.2742580645161,61.37012903225806
552.972,14.826
555.899186440678,92.5502033898305
556.7660000000001,980.77
559.3056,797.9307
563.4216,1045.1564307692308
563.1250434782609,1422.9216521739131
562.8336,32.2812
562.3767692307692,347.1009230769231
566.1460000000001,397.24300000000005
564.8328,922.1940000000001
569.9981538461539,339.4116923076923
570.4335,715.0815
572.1585882352941,386.78294117647056
578.6163310344828,405.5800965517242
574.6898181818183,486.00872727272724
583.1835882352941,481.6757647058824
582.1075774647887,944.1747887323944
583.1909999999999,1124.424
585.1557209302325,563.2698139534883
584.6457272727273,1470.6147272727271
584.129,18.718
589.8859024390243,205.0112195121951
588.238875,1359.27225
589.617,52.29
594.2842499999999,1470.62475
593.4709565217391,403.4191304347826
596.1103448275862,939.7862068965517
596.673,1142.19
604.1021538461538,1305.393923076923
606.312,836.514
607.4658947368421,1140.658105263158
612.0820588235295,458.4195
612.1758461538461,867.2265
615.2832000000001,139.16
613.8319090909091,745.3701818181819
615.617625,1238.7506250000001
614.6952,1329.3504
616.2534,337.62960000000004
621.604602739726,465.88931506849315
621.1485,177.7630909090909
621.1561034482759,264.0525517241379
624.7672941176471,210.8498823529412
625.8039622641509,550.7174716981133
626.4129375,446.2644375
629.2872537313433,1235.3002388059701
633.4205901639344,923.7720983606558
634.4572499999999,1189.1092500000002
635.5371272727273,181.6438909090909
635.977125,225.957375
635.07528,311.73408
639.4867499999999,1493.1647500000001
642.4488,454.37432727272727
639.891,1228.185
642.0358636363636,707.6847272727273
646.7360869565217,278.4435652173913
645.5988,929.8548
648.5169599999999,23.91984
656.3683636363636,105.06109090909091
659.1456290322581,318.34509677419356
656.9266666666666,658.5273333333333
658.60704,471.83472000000006
660.3432786885246,450.13809836065576
664.244,300.5986666666667
662.382,1267.14
662.5855384615385,1372.5955384615386
666.057,404.124
665.931,990.1184999999999
670.8313043478261,585.1111304347827
667.3686923076923,752.8548461538462
670.0303880597015,108.67029850746269
674.0814705882353,120.72158823529412
669.25425,1484.406
670.446,833.616
677.0162368421053,1185.4660263157893
675.9457297297297,1264.8118378378379
676.60425,167.46975
679.101652173913,569.6058260869565
677.376,851.7768
680.022,553.014
681.4332,1006.5384
684.4170508474576,1162.7301355932204
683.3295,473.34
685.0363333333333,655.3586666666667
684.39,1347.255
683.7992608695652,1391.3741739130435
689.1844235294118,798.2722588235295
684.9426315789474,844.8631578947369
690.0406153846154,895.6596923076922
689.2982068965517,966.672
691.11,597.5235
697.0294545454545,484.07545454545453
694.8457894736841,352.7226315789474
694.575,768.222
696.8126666666667,472.98066666666665
700.3791290322581,134.43387096774194
701.7305806451614,1364.966129032258
700.2492,854.952
704.1811304347826,695.8021304347826
704.3170909090909,349.7263636363636
705.2525454545455,245.28954545454548
703.8948,337.9236
704.718,890.0292413793104
707.805,329.4788823529412
706.482,815.88528
709.0823793103448,203.1793448275862
711.1931707317074,68.0430731707317
708.4224,513.765
711.6296727272728,89.00181818181818
711.124105263158,769.8931578947369
714.441,149.68800000000002
714.861,1494.99
714.861,211.68
716.5553684210527,503.06494736842103
719.1493448275862,1420.6586896551723
723.3756923076924,580.1524615384615
724.318,498.03599999999994
725.4324,635.67
725.7448800000001,1061.5752
726.6675189873417,1217.9750126582278
730.6020000000001,44.577
733.1625,1326.6566249999998
732.928,884.17
733.6360327868853,33.57383606557377
731.0223529411766,1400.8754117647059
734.3585454545455,168.88963636363638
737.2141875,582.561
739.2466666666667,855.6053333333333
740.7477,897.876
741.2230000000001,988.7710000000001
741.321,634.158
744.1928780487805,1338.5318048780487
744.7472307692308,541.6836923076924
744.9225,1192.13325
747.7657894736842,273.45094736842105
746.3755384615386,782.9785384615385
757.6082696629213,36.330471910112365
752.8286037735849,1406.756716981132
752.6547,1330.938
753.6922105263158,133.55336842105265
756.0775384615386,1347.9334615384614
757.9478918918919,712.2626756756757
758.3090869565217,1030.4540217391304
756.6026086956522,1427.191043478261
758.1672,1377.2724
759.4589032258065,491.2170967741935
760.4373913043478,746.9389565217391
762.4155,169.16025
764.2390736842106,440.2015578947368
762.5478,478.77900000000005
764.7548275862069,1345.7343103448277
762.489,951.678
766.6100689655173,1087.110620689655
767.0301081081082,1179.234
770.0465954198473,841.5222595419848
767.3841,941.6673000000001
768.4358181818181,999.1456363636363
770.7382941176471,1303.596
770.902588235294,1352.4864705882353
769.70376,638.77968
771.6639512195122,653.8201463414634
770.4383076923077,972.484153846154
773.3964,177.429
771.9264000000001,1463.9436
774.2567368421053,135.92084210526315
776.4972352941177,534.9848823529411
777.4932558139535,473.36734883720925
776.16,676.592
785.7169342105263,155.97473684210527
779.2563829787234,623.7053617021277
779.22,489.43800000000005
781.011,862.92675
780.129,1423.8126
781.8151764705882,555.7118823529412
784.1264516129032,1474.1349677419355
783.76725,1172.06775
783.216,1492.785
786.2521153846154,398.64703846153844
785.1564000000001,709.6572
785.666,1267.532
786.6705,1105.8809999999999
790.1341875,519.7185
787.9652307692307,1175.163230769231
789.5102727272728,934.3988181818182
793.8641454545455,1089.3902727272728
792.7710000000001,844.564
793.1139999999999,1366.5316
791.5690588235294,1384.4805882352941
793.8735,129.066
799.533,1159.83
798.8325882352941,1309.77
802.5444,174.1068
805.9275,876.7355625
802.1121818181817,1357.798909090909
804.825,69.3546
805.2986666666667,264.61633333333333
805.872375,867.3643125
807.7917272727273,461.5065
807.471,1153.215
808.3682068965518,30.9308275862069
809.0345454545454,321.6092727272727
809.7613548387097,1292.898193548387
813.2968421052631,516.8055789473684
813.9503076923077,80.5673076923077
815.7635294117647,930.9077647058824
817.1643529411765,893.2238823529412
817.614,737.676947368421
816.8299999999999,1071.483
818.3385,1320.291
818.8267500000001,111.6465
817.824,648.396
822.906,291.6248764044944
819.6352499999999,1367.835
820.9723846153846,479.1295384615385
823.8310243902439,699.0818048780488
824.019,397.719
821.961,1293.138
827.414,629.4399999999999
827.5738153846154,737.4469846153846
828.1664999999999,233.6985
829.45485,505.4742
828.639,1157.4693529411763
829.521,558.306
830.2491627906977,1460.509953488372
834.1574594594595,976.2309729729731
839.7504705882353,39.032823529411765
837.6421846153846,620.6837538461539
839.5015263157894,681.0896842105263
841.3975862068966,524.0904827586207
845.2836000000001,292.2696
846.5208387096774,407.08567741935485
852.1348101265822,506.14518987341773
852.5337464788732,362.41504225352116
850.3415454545454,1281.8266363636362
853.9564090909091,536.1758181818182
855.9912558139534,122.35186046511629
855.3898723404255,523.5702127659575
854.658,560.826
856.3771525423729,981.6510508474577
855.3843529411765,1114.445911764706
859.551,597.4290000000001
861.8687368421052,133.67715789473684
861.11865,24.8724
860.5839375,41.5918125
863.8150243902439,581.7471219512196
863.331,56.105000000000004
862.79445,859.9059000000001
866.124,284.4993698630137
867.5843606557377,320.33950819672134
868.9023,791.738325
865.5894545454545,1021.7301818181819
867.1097647058824,1145.0175882352942
869.5386000000001,495.306
869.0187692307692,1169.1023076923077
872.8893409090908,293.4654545454546
872.2283684210527,775.6957894736843
875.9449213483146,859.6427865168539
874.062,402.29376923076927
873.6798,926.3058
873.9297,963.3204000000001
878.7660000000001,553.812
874.888875,162.17775
874.65,314.727
877.1603076923077,510.497076923077
879.9618648648649,562.5014594594595
876.6959178082192,574.9069315068493
880.274347826087,496.4893043478261
878.913,586.695375
880.1625,725.004
885.6056159999999,1341.522
881.9346666666668,1260.0186666666666
882.3583125,1327.74075
885.2649473684211,1390.8985263157895
883.9062580645161,1217.5583225806452
888.2809090909091,180.97036363636363
885.7601052631579,1480.6458947368421
891.3278181818182,1117.7612727272726
892.7536153846154,1072.4441538461538
893.074,115.47666666666666
896.42952,933.6851999999999
896.9278499999999,1392.1929
903.2977058823531,203.40476470588237
903.9808235294119,632.999294117647
902.7461739130434,769.506652173913
902.7010588235295,1318.8494117647058
910.8013090909092,347.82070909090913
906.489574468085,1028.6747234042552
910.352290909091,626.5728
909.7452,645.0822
911.904,327.096
914.5624864864865,520.2131351351352
913.4182702702703,1304.3111351351351
917.3290000000001,799.1532500000001
919.346776119403,720.8441194029851
922.2327692307691,1327.6474615384616
922.9762499999999,1042.56075
924.5411162790697,1198.4123720930234
924.9240000000001,1302.827076923077
929.3685882352942,104.12788235294119
927.423,925.3783636363637
931.833,540.225
931.4361,1157.5368
939.0213000000001,360.9585
938.3821791044776,424.03137313432836
938.5459999999999,194.04
941.0499000000001,124.18560000000001
941.9114634146342,763.9840975609757
941.4831176470589,322.76011764705885
943.6007368421053,828.9407368421053
946.45656,636.6275999999999
948.8390625,608.3870625
956.0004255319149,110.36885106382978
954.12114,234.44442
951.2810999999999,455.112
952.2185806451612,1213.5466451612904
951.678,585.207
952.725375,1012.260375
956.823,79.104375
958.0970000000001,15.337
960.467052631579,92.42431578947368
959.5767999999999,998.5416000000001
959.616,393.2363076923077
960.2995500000001,543.99555
962.3370638297872,772.0877872340425
961.9370526315789,977.8826842105262
962.2620000000001,519.939
962.36,344.225
964.8888260869566,914.0587826086957
964.2281250000001,1187.557875
967.0214716981133,198.1005283018868
965.073375,1024.718625
966.1931999999999,1043.91
967.9842439024391,1436.6919512195122
967.5923478260869,660.2728695652173
967.146923076923,49.59553846153847
969.483375,1121.0587500000001
972.24624,575.064
973.4233090909091,229.48036363636365
974.5806,335.6892
976.1238805970149,1484.4323283582091
975.051,254.898
977.1990967741937,1186.802129032258
975.6978,1292.8062
977.1242068965518,1440.1235172413792
976.9914,168.47964000000002
976.6827,435.17879999999997
976.3024864864865,1457.1831891891893
986.1659999999999,198.822
978.4064347826087,476.0882608695652
980.5343773584906,676.8268301886793
982.6042978723403,344.9933617021277
983.6473043478261,523.984695652174
983.5656923076923,315.0662307692308
984.8048823529411,108.486
989.2880597014924,306.48841791044777
990.7394482758621,682.627448275862
987.3622499999999,1457.4315000000001
987.343875,1221.3495
988.3768695652175,1435.3016086956522
990.1920000000001,1408.4805000000001
992.166,265.776
993.9888,893.6424000000001
994.014,1305.36
997.6863272727273,367.9383272727273
996.8070000000001,1400.0166923076924
994.9997647058823,1427.6985882352942
998.0674468085107,97.60174468085107
996.219,1370.187
997.72575,882.11025
998.4135,1322.685
997.9118709677421,1355.1503225806453
996.6081176470589,1439.735294117647
1001.7082894736842,1267.1322631578946
1002.4746666666667,202.076
1001.49336,1457.38152
1003.6506666666667,408.39866666666666
1003.9754117647059,1252.3189411764706
1005.9099749999999,1276.441425
1005.8172352941177,725.1855882352942
1008.4156119402985,470.11916417910453
1011.6840681818182,37.384772727272725
1010.9174845360825,50.20125773195876
1010.2575,749.6265
1012.0105531914893,165.55327659574468
1011.2964324324324,1188.3877297297297
1014.9828387096774,860.4052258064517
1016.5428,241.29
1016.4289655172415,463.5062068965517
1022.0586101694915,145.14879661016948
1023.3428210526315,607.373052631579
1019.0472352941177,725.7044117647058
1021.574129032258,38.570903225806454
1023.3913846153847,472.752
1028.719213483146,356.8829662921348
1026.158,1227.3380000000002
1025.472,1242.885
1027.674,178.686
1027.089,857.4929999999999
1030.4406,491.4063
1028.7954782608697,159.60365217391305
1031.0347894736842,282.56494736842103
1032.0608219178082,565.2049315068493
1030.82175,1100.8777499999999
1029.924,940.653
1033.2169253731345,1169.308208955224
1033.7355,89.83800000000001
1032.7418181818182,466.29736363636357
1034.7076551724138,1479.2964827586206
1038.604,1195.4628
1036.8868695652175,1259.419304347826
1040.3141538461539,1032.7735384615385
1042.2454736842105,378.30836842105265
1041.67875,1150.128
1044.386,1228.528
1047.1782461538462,1237.9073538461537
1049.1694137931036,1259.450379310345
1047.4984800000002,298.85688
1048.4775,475.9125
1048.8795882352942,147.7090588235294
1051.839,1114.371
1052.2829032258064,1387.3717741935484
1052.0184705882352,1022.0304705882353
1060.0981791044776,130.2134776119403
1056.9153,112.1169
1057.0097288135594,1378.4015593220338
1058.2924390243904,1090.2380487804878
1059.3621818181819,1472.1983181818182
1058.5176000000001,732.1188000000001
1062.6607384615384,1078.2653538461539
1062.1044,1100.3030181818183
1062.470769230769,406.05923076923074
1062.957,478.044
1066.00725,239.83050000000003
1067.8645384615386,28.402096153846156
1066.9354838709678,783.5005161290323
1066.6845,1151.1675
1069.2116129032258,960.9532258064517
1072.049487804878,1065.6065853658538
1075.1711641791044,286.5710149253731
1073.3156,617.6940000000001
1073.04946875,1310.76225
1076.4222,1114.7794
1075.764375,747.109125
1078.1127,1156.8753000000002
1081.9798407079645,298.0067256637168
1084.9453548387096,1496.6686451612904
1084.4381739130436,201.86295652173914
1085.6394418604652,763.0735813953488
1086.9525882352941,934.1763529411766
1088.1579130434782,1099.854
1088.7345,32.7915
1091.958,167.076
1090.593,241.0340625
1090.904294117647,311.57947058823527
1090.8053333333332,891.2773333333333
1096.1748,1034.0568
1093.294125,1412.41275
1096.0320000000002,182.133
1096.117105263158,419.34457894736846
1097.572,1482.376
1098.1488,1.6464
1098.5452258064515,1172.5763225806452
1102.5232105263158,1460.1393947368422
1103.2891578947367,847.2538421052631
1101.8882903225806,223.72925806451613
1103.001827586207,717.5678275862069
1103.106375,99.8038125
1105.25625,306.03195
1104.8413090909091,639.7226181818181
1106.028,755.568
1106.964276923077,1478.0556
1107.4468695652174,1147.0793478260869
1108.5523448275862,1445.111379310345
1110.0356842105264,584.8588421052631
1111.816125,45.698625
1113.0601621621622,940.4503783783783
1112.9428799999998,1216.68372
1113.8019069767442,107.15274418604652
1113.3445909090908,292.28277272727274
1113.6806470588235,271.60411764705884
1118.7041860465115,1090.5417209302325
1117.6263000000001,1403.4825
1120.18725,865.88775
1118.850923076923,1130.2151538461537
1120.14,343.3015384615385
1121.5335599999999,1116.77076
1121.0372068965517,1390.9748275862069
1121.4432537313432,1451.7325074626865
1119.4901052631578,1462.7273684210527
1121.0495625,161.1028125
1122.620625,423.635625
1124.748,969.6779999999999
1127.1176,322.4788
1126.699875,610.23375
1127.9473333333335,1157.2166666666667
1131.3598604651163,417.02190697674416
1130.8041818181819,1286.1163636363638
1138.221,120.897
1134.21,549.15
1137.287117647059,849.9885882352942
1140.8768,356.80493333333334
1140.6577118644068,309.3129152542373
1141.501315068493,1024.6061095890411
1141.8215696202533,612.8448607594936
1139.7169411764705,1443.4881176470587
1142.1294705882353,1411.1654117647058
1142.3190731707318,22.867463414634145
1143.9087692307694,926.7332307692308
1144.773,6.111000000000001
1145.3908064516131,284.3169677419355
1147.1693924050633,1394.3526835443038
1155.41412,847.2786
1147.2147272727273,1283.0293636363638
1149.834,193.05423529411763
1147.545,410.445
1152.5573684210526,159.25515789473684
1153.738046511628,384.8391627906977
1155.0624324324324,489.86756756756756
1156.271052631579,1358.9917894736843
1158.1222978723404,499.2870638297873
1158.472,835.9119999999999
1158.4878260869566,1401.7664347826087
1157.658923076923,733.0098461538462
1160.659343283582,130.3648656716418
1160.8590000000002,410.9303333333333
1163.7341470588235,1196.8221176470588
1161.7796842105263,1350.4580526315788
1165.9225846153845,1140.968769230769
1166.788,8.624
1167.425,275.55966666666666
1168.22664,422.61912
1169.2252173913043,136.67165217391306
1172.122875,51.027375
1170.028125,375.7044375
1169.9616923076924,439.3264615384615
1170.7974782608696,1340.3140434782608
1174.2871304347825,193.88660869565217
1176.7216363636364,591.4745454545455
1173.879,1260.252
1178.208972972973,367.31724324324324
1179.6863076923078,395.67876923076926
1179.1709999999998,761.1030000000001
1179.703451612903,1178.7360967741936
1180.523076923077,1383.2473846153846
1187.1493846153846,826.6601538461539
1186.0548000000001,854.07
1186.3204137931034,1020.3827586206896
1186.0441967213117,1326.687049180328
1193.2658181818183,1356.556090909091
1192.366,908.7866666666667
1194.9560000000001,249.55
1194.606,456.0885
1195.542679245283,801.0723396226415
1193.6399999999999,1448.50125
1196.874,447.86
1198.8455294117648,429.48211764705883
1203.3566999999998,610.6306500000001
1200.78,403.935
1202.49675,208.5195
1201.6532093023254,961.3389767441861
1202.068,191.541
1201.41,986.0129999999999
1203.1895555555557,1343.765111111111
1202.42325,860.64825
1202.6766315789473,217.34336842105265
1207.6204736842105,642.4441578947369
1206.09825,675.6855
1206.77445,971.1481500000001
1213.4556,1085.2128
1217.8215,42.619499999999995
1219.6456363636364,394.2940909090909
1222.7326363636364,421.3955454545454
1221.2646923076923,772.0553076923077
1220.9180869565218,604.0549565217391
1221.129,1104.894
1228.7673893129772,105.59088549618322
1225.8329999999999,747.8870000000001
1226.341846153846,1347.5376923076924
1228.4953333333335,389.90933333333334
1230.7079302325583,435.5336511627907
1232.7812000000001,240.11960000000002
1234.6366666666665,73.46733333333333
1234.9991612903227,506.38180645161293
1234.8470399999999,1054.7308799999998
1240.4742,1283.74512
1236.319,849.5375
1242.6369375000002,440.871375
1241.66,426.79
1243.7459999999999,214.70399999999998
1251.634695652174,456.60756521739125
1253.25144,65.65608
1253.6604418604652,1263.2906511627907
1252.128705882353,1306.2938823529412
1254.0035454545455,407.484
1257.6775555555557,863.8373333333333
1255.086,1059.3135
1258.15095,172.03410000000002
1257.7060588235295,211.78376470588236
1256.9806666666666,323.3673333333333
1257.4635652173913,397.85869565217394
1256.85,1456.182
1259.447,385.97299999999996
1258.516,1069.425
1261.152,233.82
1260.792,589.68
1260.8112631578947,1155.1105263157897
1261.7892,294.05879999999996
1263.2496279069767,1342.4860465116278
1263.699574468085,90.67710638297872
1263.1041818181818,313.23027272727273
1269.79059375,365.79571875
1266.009230769231,673.3278461538462
1267.382117647059,933.8304705882352
1267.14,579.6945
1270.3985,731.0065
1269.7168235294116,1082.6290588235295
1271.088,406.476
1276.8646153846153,202.81476923076923
1277.2943076923077,575.7424615384615
1277.577,777.5145
1277.2963636363636,426.447
1280.76984,32.66928
1282.3721772151898,942.891493670886
1283.31,339.45394736842104
1286.3088,324.1791
1286.5130526315788,924.6261315789474
1286.8172470588236,569.8238823529412
1284.8664705882352,156.0621176470588
1289.2804615384614,195.73615384615385
1290.651718309859,1266.2662816901409
1290.807,1093.0626
1294.2321000000002,123.0684
1296.8339999999998,142.492
1293.93075,260.4105
1294.776,1234.9603636363638
1295.7168,52.2438
1297.324,206.48600000000002
1295.9365263157895,693.1127368421053
1299.206511627907,1246.6146976744185
1301.340759493671,1372.1240506329116
1302.9345,863.9868461538462
1303.270043478261,186.84978260869565
1301.764153846154,553.7603076923077
1304.919,414.54
1306.1286,1060.0128
1305.444,323.148
1308.7000327868852,1194.8641967213116
1311.3392727272728,1203.7238181818182
1310.2740000000001,54.4005
1314.0266086956522,299.7841304347826
1312.08525,1240.0017954545453
1314.06975,755.44678125
1317.30375,330.78675000000004
1321.6488510638296,654.8568510638298
1319.6876,121.0888
1323.5024050632912,308.9121265822785
1322.412,691.984125
1319.8112307692309,703.7003076923077
1327.4749894736842,298.79374736842107
1323.14112,63.22176
1323.115043478261,175.55634782608695
1324.9557391304347,225.31265217391305
1326.969,1293.1704843750001
1325.2767906976744,743.3003720930232
1325.0396250000001,402.74325
1328.8716,424.29240000000004
1327.557,763.8572307692308
1328.5461355932205,141.82261016949153
1329.6341739130435,1145.1427826086956
1331.232,1437.0452727272727
1331.6643529411765,382.6842352941176
1330.0041176470588,693.8227058823529
1331.485448275862,1063.9961379310346
1334.9196,606.186
1334.7733636363635,967.9148181818183
1336.0311176470589,363.2629411764706
1333.4119024390243,1206.3393658536586
1334.2276216216217,1423.9055675675677
1336.3856470588237,144.80364705882354
1339.254,463.2218181818182
1338.646909090909,486.1538181818182
1339.3464,1165.9452
1345.2186176470589,226.82964705882355
1343.9983846153848,564.6496153846155
1344.62664,1212.2208
1344.116117647059,1427.5948235294118
1347.3284999999998,407.68
1350.661725,307.06829999999997
1349.9201739130435,1216.9682608695653
1353.6152000000002,754.1296
1356.106824742268,1285.1649278350517
1354.703,1231.9089999999999
1357.8220384615386,1064.1499615384614
1357.1325436893205,1167.0743883495145
1360.5684324324325,296.86451351351354
1360.987894736842,1467.5396842105263
1364.13,11.934000000000001
1365.8652,319.914
1366.6275,346.941
1365.00525,497.7511875
1367.9409767441862,977.4816279069767
1366.659,476.02799999999996
1371.258,171.71861538461536
1367.688,803.796
1373.5259999999998,1302.1848
1374.9601764705883,1021.1744117647058
1379.3031940298508,813.6384179104479
1376.289870967742,1381.7810322580647
1379.4212727272727,484.23136363636365
1379.821153846154,1185.1705384615386
1381.245923076923,769.7485384615385
1382.7621818181817,1040.3590909090908
1383.4826808510638,1018.3722127659574
1383.934695652174,451.1238260869565
1387.176525,10.0548
1387.9715901639345,1278.408393442623
1385.6850000000002,44.604
1388.2167209302324,343.1903023255814
1387.0828125,1474.207875
1389.205125,651.7153125
1389.7233,627.1460999999999
1390.9372105263158,392.3507368421053
1390.3126363636363,680.1021818181819
1393.9716,322.4151
1393.323971830986,1291.4591830985917
1393.7364,304.46639999999996
1396.97775,55.419000000000004
1397.6025,883.21275
1398.906,707.634
1403.2484307692307,669.2344615384615
1407.7435135135136,385.67237837837837
1406.592,741.24
1408.0891621621622,1267.7915675675677
1407.0839999999998,916.0060000000001
1408.9158461538461,440.0049230769231
1412.214904109589,861.9073150684932
1413.5347058823531,786.1214117647058
1413.4746315789473,1367.7034736842106
1420.6601612903225,11.522903225806452
1421.7084000000002,22.6737
1416.7249811320755,102.44513207547169
1416.3597,316.1088
1418.4605217391304,394.80365217391306
1421.0145957446807,1231.5159574468084
1419.680769230769,179.58876923076923
1423.548,193.96848648648648
1421.784,211.47
1420.7256,1008.3024
1424.3809999999999,48.51
1425.3689032258064,422.2503870967742
1430.9116744186047,61.16567441860466
1430.37125,114.4395
1429.4188125,267.3838125
1432.2919655172416,517.9621034482758
1437.6073432835822,982.4426865671642
1435.0581,233.81820000000002
1438.21125,10.54725
1437.1896,529.494
1439.75475,944.6850000000001
1441.4720338983052,111.58047457627119
1445.3145,26.12925
1443.6188780487805,467.890243902439
1443.889125,172.54125
1446.6942000000001,842.4738
1447.1884918032788,859.2125901639345
1446.7086666666667,1026.158
1454.0234210526314,115.82052631578948
1450.807953488372,369.33237209302325
1450.2356129032257,868.3147741935484
1453.2306923076924,552.5051538461538
1455.1982307692308,1491.9199615384614
1455.5334705882353,61.66217647058823
1462.7235,1272.670875
1463.49,306.894
1466.22,819.42
1468.803,448.77
1476.9181875000002,360.7288125
1471.628918918919,735.9932432432432
1471.4406,56.889
1471.9778181818183,1441.629
1473.1475294117647,78.7055294117647
1472.94,1451.331
1475.8927826086956,789.5817391304348
1476.9516774193548,307.44812903225807
1482.201,37.485
1481.79675,1003.4955
1482.642,268.569
1486.2330000000002,613.368
1487.052,724.122
1486.464,629.307
1489.7898750000002,1455.649125
1492.54,189.189
1492.2999,235.053
1493.6039999999998,715.59
1492.5645,827.8892999999999
1495.253846153846,975.3336923076924
1498.7087027027028,784.9323243243243
1498.5684,197.064
1499.1723870967742,1086.0549677419353
1499.106,316.93199999999996
